Forest,McRae
Sheard,Warrick
Herbie,Ibbott
Victor,Albert
Webster,Keith
Rollo,Sherman
Maitland,Anthonyson
Phoenix,Hofmann
Blair,Miles
Tasgall,Nevin
Kim,Woods
Ceallagh,Simpkin
Kermit,Amsel
Daniel,Payton
Arlen,Hanley
Arnie,Nye
Aurel,Allsopp
Alfred,McKenzie
Aleksander,Meissner
Arden,Hawking
Aloysius,Andersen
Loyd,Schuler
Dietfried,Schmid
Rein,Donohoe
Sean,Ogden
Gilchrist,Alberts
Cóemgein,Graves
Bertram,Jakeman
Scotty,Clarkson
Knut,Koenig
Jochim,Jeffers
Alasdair,Tyrrell
Jeremiah,Saunders
Joyce,School
Jemmy,Studwick
Elsdon,Junge
Oatchaser,Ogden
Chickenfarmer,Stone
Potatosower,Sempers
Dirtgreaser,Leavitt
Pigplanter,McNaughton
Gumphauler,Badcock
Chickenchaser,Griffin
Everild,Error
Corona,Error
Arcana,Gears
Punch,Prowl
Defensor,Rippersnapper
Devastator,Sludge
Grapple,Vorath
Runabout,Jazz
Perceptor,Sideswipe
Wingspan,Starscream
Lightspeed,Scavenger
Pounce,Optimus,Prime
Overkill,Blitzwing
Scourge,Venom
Powerglide,Wheeljack
Highbrow,Breakdown
Gears,Sureshot
Octane,Scourge
Nydia,Pocahontas
Alodia,Fantine
Zaïre,Táhirih
Gobnata,Philomel
Titania,Kateri
Lalla,Roxelana
Haidee,Cyra
Almira,Cyra
Morgen,Zuleika
Pollyanna,Julitta
Pollyanna,Julitta
Cyra,Kreka
Kateri,Dulcinea
Crazy,Biceps,Hibbert
Double,Force,Stenet
Ultra,Rock,Quickley
Queen,Jacobson
Crush,Blake
Assassin,MacClelland
Rhino,Force,MacFarland
Sleek,Animal,Killough
Atomic,Rock,Ayers
Fluttersheen,Sparklemoon
Dazzledust,Glittersheen
Silverfrost,Golddust
Twinkleberry,Dazzlegaze
Sweetwing,Flutternose
Silvernose,Moongaze
Gigglering,Snowfeather
Gentlegleam,Quickleaf
Flitterstar,Quickmoon
Goldstar,Gentlemoon
Twinkleleaf,Sugarkiss
Jellygleam,Sugarfeather
Snowdance,Twinkleeyes
Mooncheeks,Quickberry
Sweetstar,Glittercloud
Applebreeze,Starbeam
Goldshy,Glitterfluff
Ross,Fraser
Shaw,Iomhar
Fergus,Donnchadh
Douglas,Ruairi
David,Carbrey
Ruairidh,Maoilios
Ailpein,Ranald
Carbry,Keith
Tasgall,Marcas
Kerr,Ally
Maimu,Leelo
Marika,Mirjam
Mirjam,Viktoria
Aleksandra,Kaisa
Loviise,Marika
Riina,Kaisa
Katariina,Kristiina
Sofia,Kaisa
Marika,Sigrid
Mari,Kaja
Johanna,Siiri
Kadri,Siiri
Terje,Mirjam
Viktoria,Age
Zyanya,Itzel
Methoataske,Aylen
Piloqutinnguaq,Naira
Pipaluk,Calfuray
Sacnite,Nita
Ayelen,Nita
Barleyfarmer,Peacespirit
Harmony,Potatochaser 
Sally,Da'ronda 
Clearkiss,Ulalume 
Dolly-Sue,Cosmicmother 
Peggy-Rae,Lashawnda 
Beeatriks,Seedfarmer 
Crippler,Klowee 
Quickdance,Baphomet 
Harmony,Spacespirit 
Bob,Smith
Hannah,Smith
Robert,Christmas
Eugene,Levy
Trey,Topanga
Hingle,Cringleberry
Hingle,McCringleberry
Hingle,Ra
Spud,McSpuddy
Belle,McBelle
Dirk,Gently
Dirk,McGently
Dirk,Smith
Annukka,Sulin
Anni,Kiiskinen
Aili,Hietamies
Henna,Hagström
Mira,Paasivirta
Emmi,Manninen
Anna,Saraste
Outi,Larivaara
Tiia,Järvinen
Diamond,Brandagamba
Lalia,Smallburrow
Matilda,Lothran
Grimalda,Bolger-Baggins
Dina,Chubb
Prisca,Grubb
May,Proudfoot
Rowan,Sackville
Nina,Hogpen
Jessamine,Tûk
Angelica,Sandheaver
Savanna,Grubb
Donnamira,Headstrong
Pansy,Zaragamba
Daisy,Lightfoot
Rosa,Goldworthy
Myrtle,Longhole
Pandora,Brown
Arabella,Whitfoot
Rhoda,Bolger
Mimosa,Goold
Melissa,Fairbairn
Gerda,Hornblower
Lavinia,Goold
Grimalda,Gamgee
Rowan,Bunce
Amanda,Chubb-Baggins
Dirk,Gently
Sam,Privett
Butler,Doommate
Buffy,Slayer
Rollie,Quackenbush
Ralph,Rowander
Gordon,Heyward
Grayson,Allen
Tommie,Thompson
Odell,Beckham
Dan,Seton
